{
  "period": "2023-07 ~ 2025-07",
  "summary": {
    "max_price": 42150.0,
    "min_price": 8830.0,
    "avg_price": 19274.96907216495,
    "std_dev": 7808.358644434555,
    "avg_volume": 229612.9381443299
  },
  "monthly_prices": {
    "2023-07": 28250.0,
    "2023-08": 22550.0,
    "2023-09": 19990.0,
    "2023-10": 17400.0,
    "2023-11": 25800.0,
    "2023-12": 27200.0,
    "2024-01": 24550.0,
    "2024-02": 35300.0,
    "2024-03": 32750.0,
    "2024-04": 28850.0,
    "2024-05": 27500.0,
    "2024-06": 24250.0,
    "2024-07": 18750.0,
    "2024-08": 15130.0,
    "2024-09": 14240.0,
    "2024-10": 13160.0,
    "2024-11": 10190.0,
    "2024-12": 10430.0,
    "2025-01": 11640.0,
    "2025-02": 12210.0,
    "2025-03": 10390.0,
    "2025-04": 10550.0,
    "2025-05": 10230.0,
    "2025-06": 13400.0,
    "2025-07": 15800.0
  }
}