{
  "period": "2023-07 ~ 2025-07",
  "summary": {
    "max_price": 30850.0,
    "min_price": 17500.0,
    "avg_price": 21760.0206185567,
    "std_dev": 2738.5430386942267,
    "avg_volume": 83252.15670103092
  },
  "monthly_prices": {
    "2023-07": 22800.0,
    "2023-08": 24000.0,
    "2023-09": 22550.0,
    "2023-10": 24000.0,
    "2023-11": 21300.0,
    "2023-12": 21450.0,
    "2024-01": 25800.0,
    "2024-02": 25800.0,
    "2024-03": 24350.0,
    "2024-04": 21450.0,
    "2024-05": 21300.0,
    "2024-06": 26800.0,
    "2024-07": 24200.0,
    "2024-08": 20400.0,
    "2024-09": 21500.0,
    "2024-10": 18870.0,
    "2024-11": 19500.0,
    "2024-12": 20600.0,
    "2025-01": 19780.0,
    "2025-02": 19800.0,
    "2025-03": 19070.0,
    "2025-04": 19440.0,
    "2025-05": 18290.0,
    "2025-06": 17810.0,
    "2025-07": 18540.0
  }
}