{
  "period": "2023-07 ~ 2025-07",
  "summary": {
    "max_price": 300000.0,
    "min_price": 111724.078125,
    "avg_price": 176636.5166903409,
    "std_dev": 41844.59428331162,
    "avg_volume": 3979516.8347107437
  },
  "monthly_prices": {
    "2023-07": 121255.52,
    "2023-08": 119683.32,
    "2023-09": 112996.45,
    "2023-10": 114572.69,
    "2023-11": 131911.27,
    "2023-12": 139695.84,
    "2024-01": 132982.53,
    "2024-02": 154208.42,
    "2024-03": 180966.31,
    "2024-04": 172264.11,
    "2024-05": 187097.42,
    "2024-06": 234168.19,
    "2024-07": 192681.31,
    "2024-08": 171987.38,
    "2024-09": 173165.69,
    "2024-10": 184769.56,
    "2024-11": 158586.44,
    "2024-12": 172471.42,
    "2025-01": 197563.58,
    "2025-02": 189857.09,
    "2025-03": 190356.19,
    "2025-04": 177179.98,
    "2025-05": 204500.0,
    "2025-06": 292000.0,
    "2025-07": 262000.0
  }
}