{
  "period": "2023-07 ~ 2025-07",
  "summary": {
    "max_price": 20350.0,
    "min_price": 5770.0,
    "avg_price": 10791.38144329897,
    "std_dev": 3615.2293156903393,
    "avg_volume": 376746.5649484536
  },
  "monthly_prices": {
    "2023-07": 12700.0,
    "2023-08": 11510.0,
    "2023-09": 10190.0,
    "2023-10": 8680.0,
    "2023-11": 11270.0,
    "2023-12": 10780.0,
    "2024-01": 18840.0,
    "2024-02": 15110.0,
    "2024-03": 17700.0,
    "2024-04": 15060.0,
    "2024-05": 13920.0,
    "2024-06": 18910.0,
    "2024-07": 11080.0,
    "2024-08": 10200.0,
    "2024-09": 9510.0,
    "2024-10": 8790.0,
    "2024-11": 7000.0,
    "2024-12": 6570.0,
    "2025-01": 6890.0,
    "2025-02": 7920.0,
    "2025-03": 6840.0,
    "2025-04": 7260.0,
    "2025-05": 7070.0,
    "2025-06": 7240.0,
    "2025-07": 10650.0
  }
}