{
  "period": "2023-07 ~ 2025-07",
  "summary": {
    "max_price": 2210.0,
    "min_price": 1071.0,
    "avg_price": 1423.503092783505,
    "std_dev": 203.50869194465997,
    "avg_volume": 3336827.437113402
  },
  "monthly_prices": {
    "2023-07": 1538.0,
    "2023-08": 1395.0,
    "2023-09": 1432.0,
    "2023-10": 1340.0,
    "2023-11": 1434.0,
    "2023-12": 1632.0,
    "2024-01": 1494.0,
    "2024-02": 1634.0,
    "2024-03": 1689.0,
    "2024-04": 1751.0,
    "2024-05": 1573.0,
    "2024-06": 1528.0,
    "2024-07": 1350.0,
    "2024-08": 1190.0,
    "2024-09": 1152.0,
    "2024-10": 1519.0,
    "2024-11": 1341.0,
    "2024-12": 1200.0,
    "2025-01": 1540.0,
    "2025-02": 1390.0,
    "2025-03": 1129.0,
    "2025-04": 1264.0,
    "2025-05": 1202.0,
    "2025-06": 1214.0,
    "2025-07": 1148.0
  }
}