{
  "period": "2023-07 ~ 2025-07",
  "summary": {
    "max_price": 33529.890625,
    "min_price": 7300.0,
    "avg_price": 15532.750418814432,
    "std_dev": 6764.99677159894,
    "avg_volume": 248620.11340206186
  },
  "monthly_prices": {
    "2023-07": 24111.94,
    "2023-08": 31656.16,
    "2023-09": 28697.64,
    "2023-10": 20019.32,
    "2023-11": 19595.26,
    "2023-12": 19972.47,
    "2024-01": 19387.67,
    "2024-02": 22004.4,
    "2024-03": 23100.0,
    "2024-04": 20100.0,
    "2024-05": 17400.0,
    "2024-06": 15600.0,
    "2024-07": 12700.0,
    "2024-08": 10900.0,
    "2024-09": 10660.0,
    "2024-10": 10040.0,
    "2024-11": 7950.0,
    "2024-12": 8350.0,
    "2025-01": 8910.0,
    "2025-02": 9920.0,
    "2025-03": 8810.0,
    "2025-04": 8760.0,
    "2025-05": 8990.0,
    "2025-06": 9480.0,
    "2025-07": 10290.0
  }
}