{
  "period": "2023-07 ~ 2025-07",
  "summary": {
    "max_price": 55013.03125,
    "min_price": 23507.900390625,
    "avg_price": 38388.68530788502,
    "std_dev": 7729.047607870599,
    "avg_volume": 631252.3031578948
  },
  "monthly_prices": {
    "2023-07": 28824.96,
    "2023-08": 28739.48,
    "2023-09": 26294.65,
    "2023-10": 23507.9,
    "2023-11": 34159.11,
    "2023-12": 37383.02,
    "2024-01": 36718.43,
    "2024-02": 38398.36,
    "2024-03": 47167.21,
    "2024-04": 46336.48,
    "2024-05": 49474.81,
    "2024-06": 43382.76,
    "2024-07": 37013.8,
    "2024-08": 36127.69,
    "2024-09": 34890.82,
    "2024-10": 33709.33,
    "2024-11": 28484.94,
    "2024-12": 38320.0,
    "2025-01": 42900.0,
    "2025-02": 41700.0,
    "2025-03": 37620.0,
    "2025-04": 36100.0,
    "2025-05": 39600.0,
    "2025-06": 50900.0,
    "2025-07": 46850.0
  }
}