{
  "period": "2023-07 ~ 2025-07",
  "summary": {
    "max_price": 22400.0,
    "min_price": 5960.0,
    "avg_price": 13117.752577319588,
    "std_dev": 5074.6049494715335,
    "avg_volume": 194782.7443298969
  },
  "monthly_prices": {
    "2023-07": 22400.0,
    "2023-08": 17700.0,
    "2023-09": 16850.0,
    "2023-10": 15840.0,
    "2023-11": 16900.0,
    "2023-12": 19670.0,
    "2024-01": 18400.0,
    "2024-02": 19760.0,
    "2024-03": 16970.0,
    "2024-04": 17800.0,
    "2024-05": 17190.0,
    "2024-06": 15500.0,
    "2024-07": 12600.0,
    "2024-08": 9900.0,
    "2024-09": 8870.0,
    "2024-10": 7870.0,
    "2024-11": 6630.0,
    "2024-12": 6550.0,
    "2025-01": 6860.0,
    "2025-02": 7490.0,
    "2025-03": 6620.0,
    "2025-04": 6870.0,
    "2025-05": 7860.0,
    "2025-06": 11560.0,
    "2025-07": 11680.0
  }
}