{
  "period": "2023-07 ~ 2025-07",
  "summary": {
    "max_price": 113208.859375,
    "min_price": 64700.0,
    "avg_price": 91707.25497744845,
    "std_dev": 11308.142502350014,
    "avg_volume": 621883.4824742269
  },
  "monthly_prices": {
    "2023-07": 106400.58,
    "2023-08": 96683.19,
    "2023-09": 99038.91,
    "2023-10": 97861.05,
    "2023-11": 100805.71,
    "2023-12": 100728.14,
    "2024-01": 92515.53,
    "2024-02": 93900.79,
    "2024-03": 94098.69,
    "2024-04": 91921.85,
    "2024-05": 103696.55,
    "2024-06": 110227.06,
    "2024-07": 103368.94,
    "2024-08": 98796.84,
    "2024-09": 103667.12,
    "2024-10": 88956.92,
    "2024-11": 89155.7,
    "2024-12": 82993.33,
    "2025-01": 83689.08,
    "2025-02": 78421.24,
    "2025-03": 77200.0,
    "2025-04": 71400.0,
    "2025-05": 71100.0,
    "2025-06": 73800.0,
    "2025-07": 77400.0
  }
}