{
  "period": "2023-07 ~ 2025-07",
  "summary": {
    "max_price": 4999.78662109375,
    "min_price": 2715.09619140625,
    "avg_price": 3831.6644501932906,
    "std_dev": 634.9659186405657,
    "avg_volume": 74569.46376811594
  },
  "monthly_prices": {
    "2023-07": 4507.38,
    "2023-08": 4772.52,
    "2023-09": 4332.2,
    "2023-10": 3872.94,
    "2023-11": 4299.06,
    "2023-12": 4592.92,
    "2024-01": 4607.44,
    "2024-02": 4568.72,
    "2024-03": 4409.01,
    "2024-04": 4321.89,
    "2024-05": 4229.94,
    "2024-06": 4026.67,
    "2024-07": 3934.71,
    "2024-08": 3692.72,
    "2024-09": 3523.33,
    "2024-10": 3334.58,
    "2024-11": 3029.68,
    "2024-12": 3005.0,
    "2025-01": 3100.0,
    "2025-02": 3065.0,
    "2025-03": 2990.0,
    "2025-04": 3220.0,
    "2025-05": 3235.0,
    "2025-06": 3200.0,
    "2025-07": 3305.0
  }
}