{
  "period": "2023-07 ~ 2025-07",
  "summary": {
    "max_price": 86206.640625,
    "min_price": 49269.3359375,
    "avg_price": 66002.95226320876,
    "std_dev": 9140.363997307782,
    "avg_volume": 19039582.734020617
  },
  "monthly_prices": {
    "2023-07": 67248.59,
    "2023-08": 64454.59,
    "2023-09": 66244.34,
    "2023-10": 64791.62,
    "2023-11": 70505.69,
    "2023-12": 76386.04,
    "2024-01": 70742.23,
    "2024-02": 71423.38,
    "2024-03": 80545.39,
    "2024-04": 75755.67,
    "2024-05": 71845.7,
    "2024-06": 80020.97,
    "2024-07": 82377.41,
    "2024-08": 72951.63,
    "2024-09": 60722.73,
    "2024-10": 58451.8,
    "2024-11": 53514.99,
    "2024-12": 52885.79,
    "2025-01": 52090.52,
    "2025-02": 54178.11,
    "2025-03": 57800.0,
    "2025-04": 55500.0,
    "2025-05": 56200.0,
    "2025-06": 59800.0,
    "2025-07": 70600.0
  }
}