{
  "period": "2023-07 ~ 2025-07",
  "summary": {
    "max_price": 42450.0,
    "min_price": 22212.54296875,
    "avg_price": 31519.794756765463,
    "std_dev": 3798.9417278906712,
    "avg_volume": 956073.6103092784
  },
  "monthly_prices": {
    "2023-07": 27588.39,
    "2023-08": 27191.43,
    "2023-09": 26695.24,
    "2023-10": 24363.12,
    "2023-11": 34981.68,
    "2023-12": 34142.43,
    "2024-01": 32994.36,
    "2024-02": 36688.13,
    "2024-03": 36588.3,
    "2024-04": 34841.25,
    "2024-05": 32694.87,
    "2024-06": 37287.12,
    "2024-07": 28501.94,
    "2024-08": 26854.71,
    "2024-09": 26754.88,
    "2024-10": 30947.81,
    "2024-11": 27853.03,
    "2024-12": 29450.0,
    "2025-01": 31700.0,
    "2025-02": 33250.0,
    "2025-03": 38150.0,
    "2025-04": 33600.0,
    "2025-05": 31400.0,
    "2025-06": 31050.0,
    "2025-07": 29150.0
  }
}