{
  "period": "2023-07 ~ 2025-07",
  "summary": {
    "max_price": 50100.0,
    "min_price": 20400.0,
    "avg_price": 33469.99192171392,
    "std_dev": 6840.053796733295,
    "avg_volume": 692838.4618556701
  },
  "monthly_prices": {
    "2023-07": 42202.99,
    "2023-08": 33981.63,
    "2023-09": 33483.36,
    "2023-10": 29846.03,
    "2023-11": 38316.53,
    "2023-12": 38700.0,
    "2024-01": 38650.0,
    "2024-02": 37200.0,
    "2024-03": 48250.0,
    "2024-04": 43400.0,
    "2024-05": 41950.0,
    "2024-06": 40050.0,
    "2024-07": 36150.0,
    "2024-08": 31300.0,
    "2024-09": 29000.0,
    "2024-10": 27050.0,
    "2024-11": 21850.0,
    "2024-12": 20900.0,
    "2025-01": 21900.0,
    "2025-02": 26200.0,
    "2025-03": 29150.0,
    "2025-04": 29150.0,
    "2025-05": 28300.0,
    "2025-06": 32700.0,
    "2025-07": 32700.0
  }
}