{
  "period": "2023-07 ~ 2025-07",
  "summary": {
    "max_price": 139565.71875,
    "min_price": 66342.859375,
    "avg_price": 96130.04395338327,
    "std_dev": 16580.21598182158,
    "avg_volume": 42305.770661157025
  },
  "monthly_prices": {
    "2023-07": 95902.67,
    "2023-08": 88838.2,
    "2023-09": 91644.62,
    "2023-10": 80225.34,
    "2023-11": 95805.89,
    "2023-12": 109392.0,
    "2024-01": 103888.0,
    "2024-02": 93076.57,
    "2024-03": 127869.72,
    "2024-04": 120498.29,
    "2024-05": 118925.72,
    "2024-06": 131702.86,
    "2024-07": 111849.15,
    "2024-08": 98777.15,
    "2024-09": 90816.0,
    "2024-10": 84034.29,
    "2024-11": 68505.15,
    "2024-12": 70900.0,
    "2025-01": 73800.0,
    "2025-02": 80200.0,
    "2025-03": 79600.0,
    "2025-04": 85700.0,
    "2025-05": 87600.0,
    "2025-06": 107400.0,
    "2025-07": 107100.0
  }
}