{
  "period": "2023-08 ~ 2025-07",
  "summary": {
    "max_price": 6620.0,
    "min_price": 5550.0,
    "avg_price": 6093.031970265495,
    "std_dev": 224.26830614815134,
    "avg_volume": 21759.529045643154
  },
  "monthly_prices": {
    "2023-08": 6103.86,
    "2023-09": 6172.16,
    "2023-10": 6112.4,
    "2023-11": 6223.38,
    "2023-12": 6442.94,
    "2024-01": 6369.31,
    "2024-02": 6360.1,
    "2024-03": 6369.31,
    "2024-04": 6332.49,
    "2024-05": 6157.61,
    "2024-06": 6037.96,
    "2024-07": 6102.39,
    "2024-08": 6001.14,
    "2024-09": 5927.51,
    "2024-10": 6074.77,
    "2024-11": 6065.57,
    "2024-12": 6090.0,
    "2025-01": 5780.0,
    "2025-02": 5680.0,
    "2025-03": 5600.0,
    "2025-04": 5820.0,
    "2025-05": 6060.0,
    "2025-06": 6210.0,
    "2025-07": 6320.0
  }
}