{
  "period": "2023-07 ~ 2025-07",
  "summary": {
    "max_price": 1513.0,
    "min_price": 784.0,
    "avg_price": 1111.1690721649484,
    "std_dev": 172.81136790212463,
    "avg_volume": 335142.1443298969
  },
  "monthly_prices": {
    "2023-07": 1291.0,
    "2023-08": 1215.0,
    "2023-09": 1219.0,
    "2023-10": 1033.0,
    "2023-11": 1130.0,
    "2023-12": 1221.0,
    "2024-01": 1335.0,
    "2024-02": 1412.0,
    "2024-03": 1406.0,
    "2024-04": 1345.0,
    "2024-05": 1265.0,
    "2024-06": 1192.0,
    "2024-07": 1083.0,
    "2024-08": 1055.0,
    "2024-09": 1021.0,
    "2024-10": 946.0,
    "2024-11": 895.0,
    "2024-12": 873.0,
    "2025-01": 980.0,
    "2025-02": 989.0,
    "2025-03": 891.0,
    "2025-04": 910.0,
    "2025-05": 938.0,
    "2025-06": 997.0,
    "2025-07": 965.0
  }
}