{
  "period": "2023-07 ~ 2025-07",
  "summary": {
    "max_price": 7480.0,
    "min_price": 2575.0,
    "avg_price": 4495.690721649485,
    "std_dev": 1237.8322607696757,
    "avg_volume": 1862038.068041237
  },
  "monthly_prices": {
    "2023-07": 6130.0,
    "2023-08": 5000.0,
    "2023-09": 5050.0,
    "2023-10": 4715.0,
    "2023-11": 5310.0,
    "2023-12": 6030.0,
    "2024-01": 6370.0,
    "2024-02": 5980.0,
    "2024-03": 6030.0,
    "2024-04": 5640.0,
    "2024-05": 5400.0,
    "2024-06": 5450.0,
    "2024-07": 4750.0,
    "2024-08": 3970.0,
    "2024-09": 3725.0,
    "2024-10": 3680.0,
    "2024-11": 3215.0,
    "2024-12": 3085.0,
    "2025-01": 3270.0,
    "2025-02": 3190.0,
    "2025-03": 3010.0,
    "2025-04": 2995.0,
    "2025-05": 3000.0,
    "2025-06": 3150.0,
    "2025-07": 3240.0
  }
}