{
  "period": "2023-07 ~ 2025-07",
  "summary": {
    "max_price": 69800.0,
    "min_price": 9900.0,
    "avg_price": 20616.123711340206,
    "std_dev": 14669.36301921875,
    "avg_volume": 333498.1690721649
  },
  "monthly_prices": {
    "2023-07": 13040.0,
    "2023-08": 13250.0,
    "2023-09": 12180.0,
    "2023-10": 14190.0,
    "2023-11": 13340.0,
    "2023-12": 13280.0,
    "2024-01": 12720.0,
    "2024-02": 12250.0,
    "2024-03": 11780.0,
    "2024-04": 11830.0,
    "2024-05": 10960.0,
    "2024-06": 10420.0,
    "2024-07": 10610.0,
    "2024-08": 10430.0,
    "2024-09": 19760.0,
    "2024-10": 13770.0,
    "2024-11": 19500.0,
    "2024-12": 14800.0,
    "2025-01": 18870.0,
    "2025-02": 37450.0,
    "2025-03": 32900.0,
    "2025-04": 33000.0,
    "2025-05": 48850.0,
    "2025-06": 61500.0,
    "2025-07": 53800.0
  }
}