{
  "period": "2023-07 ~ 2025-07",
  "summary": {
    "max_price": 79808.0,
    "min_price": 19683.736328125,
    "avg_price": 39264.22439191366,
    "std_dev": 12099.679077090312,
    "avg_volume": 378082.8597938144
  },
  "monthly_prices": {
    "2023-07": 30972.94,
    "2023-08": 26148.49,
    "2023-09": 21082.83,
    "2023-10": 26872.16,
    "2023-11": 26534.45,
    "2023-12": 26488.0,
    "2024-01": 28355.43,
    "2024-02": 40051.43,
    "2024-03": 45211.43,
    "2024-04": 45899.43,
    "2024-05": 53958.86,
    "2024-06": 68800.0,
    "2024-07": 52582.86,
    "2024-08": 51993.14,
    "2024-09": 43589.71,
    "2024-10": 49929.14,
    "2024-11": 29780.57,
    "2024-12": 38050.0,
    "2025-01": 54000.0,
    "2025-02": 41250.0,
    "2025-03": 34950.0,
    "2025-04": 34400.0,
    "2025-05": 31150.0,
    "2025-06": 35250.0,
    "2025-07": 33400.0
  }
}