{
  "period": "2023-07 ~ 2025-07",
  "summary": {
    "max_price": 34000.0,
    "min_price": 3900.0,
    "avg_price": 14558.39175257732,
    "std_dev": 7057.23456472751,
    "avg_volume": 3225750.2804123713
  },
  "monthly_prices": {
    "2023-07": 4525.0,
    "2023-08": 4430.0,
    "2023-09": 4080.0,
    "2023-10": 3970.0,
    "2023-11": 7770.0,
    "2023-12": 13700.0,
    "2024-01": 25900.0,
    "2024-02": 27100.0,
    "2024-03": 29500.0,
    "2024-04": 22450.0,
    "2024-05": 21450.0,
    "2024-06": 18760.0,
    "2024-07": 15700.0,
    "2024-08": 13770.0,
    "2024-09": 13250.0,
    "2024-10": 12120.0,
    "2024-11": 8790.0,
    "2024-12": 8920.0,
    "2025-01": 14060.0,
    "2025-02": 15660.0,
    "2025-03": 12520.0,
    "2025-04": 12660.0,
    "2025-05": 13100.0,
    "2025-06": 15460.0,
    "2025-07": 15550.0
  }
}