{
  "period": "2023-07 ~ 2025-07",
  "summary": {
    "max_price": 65700.0,
    "min_price": 21900.0,
    "avg_price": 40065.28758859536,
    "std_dev": 12161.00641986823,
    "avg_volume": 157851.06597938144
  },
  "monthly_prices": {
    "2023-07": 47859.06,
    "2023-08": 44131.72,
    "2023-09": 49399.7,
    "2023-10": 47063.9,
    "2023-11": 45622.66,
    "2023-12": 50200.0,
    "2024-01": 47300.0,
    "2024-02": 47550.0,
    "2024-03": 54900.0,
    "2024-04": 54200.0,
    "2024-05": 50300.0,
    "2024-06": 65400.0,
    "2024-07": 50300.0,
    "2024-08": 34450.0,
    "2024-09": 32100.0,
    "2024-10": 29800.0,
    "2024-11": 23000.0,
    "2024-12": 22950.0,
    "2025-01": 24600.0,
    "2025-02": 29550.0,
    "2025-03": 30800.0,
    "2025-04": 27800.0,
    "2025-05": 25400.0,
    "2025-06": 25650.0,
    "2025-07": 25300.0
  }
}