{
  "period": "2023-07 ~ 2025-07",
  "summary": {
    "max_price": 272069.3125,
    "min_price": 113100.0,
    "avg_price": 164655.3002416237,
    "std_dev": 31098.586345776042,
    "avg_volume": 175142.72577319588
  },
  "monthly_prices": {
    "2023-07": 158380.78,
    "2023-08": 167685.64,
    "2023-09": 138682.17,
    "2023-10": 137890.27,
    "2023-11": 156203.05,
    "2023-12": 152378.75,
    "2024-01": 171313.98,
    "2024-02": 203802.84,
    "2024-03": 207789.2,
    "2024-04": 239680.11,
    "2024-05": 196527.73,
    "2024-06": 186262.84,
    "2024-07": 175101.02,
    "2024-08": 171313.98,
    "2024-09": 152677.73,
    "2024-10": 170516.7,
    "2024-11": 115803.87,
    "2024-12": 139200.0,
    "2025-01": 143500.0,
    "2025-02": 129600.0,
    "2025-03": 132600.0,
    "2025-04": 115300.0,
    "2025-05": 143900.0,
    "2025-06": 168200.0,
    "2025-07": 211000.0
  }
}