{
  "period": "2023-07 ~ 2025-07",
  "summary": {
    "max_price": 6240.0,
    "min_price": 1578.0,
    "avg_price": 3813.783505154639,
    "std_dev": 938.0401543283295,
    "avg_volume": 220569.77731958762
  },
  "monthly_prices": {
    "2023-07": 4655.0,
    "2023-08": 6100.0,
    "2023-09": 4535.0,
    "2023-10": 4325.0,
    "2023-11": 4860.0,
    "2023-12": 4620.0,
    "2024-01": 4550.0,
    "2024-02": 4155.0,
    "2024-03": 3760.0,
    "2024-04": 5300.0,
    "2024-05": 4480.0,
    "2024-06": 4605.0,
    "2024-07": 4045.0,
    "2024-08": 3735.0,
    "2024-09": 3945.0,
    "2024-10": 3510.0,
    "2024-11": 3220.0,
    "2024-12": 3210.0,
    "2025-01": 3305.0,
    "2025-02": 3000.0,
    "2025-03": 2785.0,
    "2025-04": 2315.0,
    "2025-05": 2625.0,
    "2025-06": 2005.0,
    "2025-07": 1595.0
  }
}