{
  "period": "2023-07 ~ 2025-07",
  "summary": {
    "max_price": 47600.0,
    "min_price": 12060.0,
    "avg_price": 23614.98969072165,
    "std_dev": 7778.237244924023,
    "avg_volume": 389479.75051546394
  },
  "monthly_prices": {
    "2023-07": 25450.0,
    "2023-08": 21850.0,
    "2023-09": 21800.0,
    "2023-10": 22200.0,
    "2023-11": 28250.0,
    "2023-12": 32300.0,
    "2024-01": 26150.0,
    "2024-02": 35950.0,
    "2024-03": 40050.0,
    "2024-04": 40000.0,
    "2024-05": 32650.0,
    "2024-06": 27400.0,
    "2024-07": 22000.0,
    "2024-08": 21400.0,
    "2024-09": 18900.0,
    "2024-10": 17970.0,
    "2024-11": 13980.0,
    "2024-12": 15950.0,
    "2025-01": 17830.0,
    "2025-02": 19040.0,
    "2025-03": 15170.0,
    "2025-04": 14950.0,
    "2025-05": 14810.0,
    "2025-06": 17220.0,
    "2025-07": 24900.0
  }
}