{
  "period": "2023-07 ~ 2025-07",
  "summary": {
    "max_price": 5170.0,
    "min_price": 2952.008056640625,
    "avg_price": 3678.746939867301,
    "std_dev": 584.0906398001024,
    "avg_volume": 23176.051975051974
  },
  "monthly_prices": {
    "2023-07": 3486.22,
    "2023-08": 3301.28,
    "2023-09": 3199.56,
    "2023-10": 3046.98,
    "2023-11": 3037.73,
    "2023-12": 3290.76,
    "2024-01": 3421.43,
    "2024-02": 3595.64,
    "2024-03": 3595.64,
    "2024-04": 3329.48,
    "2024-05": 3000.4,
    "2024-06": 2981.04,
    "2024-07": 3242.37,
    "2024-08": 3518.21,
    "2024-09": 3624.68,
    "2024-10": 3595.64,
    "2024-11": 3523.05,
    "2024-12": 3690.0,
    "2025-01": 3990.0,
    "2025-02": 4400.0,
    "2025-03": 4580.0,
    "2025-04": 4500.0,
    "2025-05": 4590.0,
    "2025-06": 4490.0,
    "2025-07": 4705.0
  }
}