{
  "period": "2023-07 ~ 2025-07",
  "summary": {
    "max_price": 34596.45703125,
    "min_price": 9812.9921875,
    "avg_price": 19273.60924210696,
    "std_dev": 6248.773857841233,
    "avg_volume": 429198.74226804124
  },
  "monthly_prices": {
    "2023-07": 20779.2,
    "2023-08": 21857.37,
    "2023-09": 22641.49,
    "2023-10": 19897.06,
    "2023-11": 30384.68,
    "2023-12": 32775.59,
    "2024-01": 26131.89,
    "2024-02": 28001.97,
    "2024-03": 27854.33,
    "2024-04": 25590.55,
    "2024-05": 21653.54,
    "2024-06": 20275.59,
    "2024-07": 17066.93,
    "2024-08": 14389.76,
    "2024-09": 13848.43,
    "2024-10": 12637.79,
    "2024-11": 11161.42,
    "2024-12": 12700.0,
    "2025-01": 15730.0,
    "2025-02": 14990.0,
    "2025-03": 13360.0,
    "2025-04": 13530.0,
    "2025-05": 13150.0,
    "2025-06": 13750.0,
    "2025-07": 13580.0
  }
}