{
  "period": "2023-07 ~ 2025-07",
  "summary": {
    "max_price": 96458.28125,
    "min_price": 46450.0,
    "avg_price": 68371.96640947831,
    "std_dev": 10553.849633581918,
    "avg_volume": 71788.78305785124
  },
  "monthly_prices": {
    "2023-07": 96458.28,
    "2023-08": 84012.05,
    "2023-09": 78166.09,
    "2023-10": 67511.38,
    "2023-11": 81089.07,
    "2023-12": 83519.37,
    "2024-01": 75148.19,
    "2024-02": 72357.8,
    "2024-03": 76399.05,
    "2024-04": 71010.7,
    "2024-05": 68412.75,
    "2024-06": 78227.24,
    "2024-07": 72165.35,
    "2024-08": 65911.02,
    "2024-09": 61869.76,
    "2024-10": 59271.81,
    "2024-11": 51959.05,
    "2024-12": 54749.45,
    "2025-01": 54460.79,
    "2025-02": 60000.0,
    "2025-03": 53700.0,
    "2025-04": 54200.0,
    "2025-05": 60200.0,
    "2025-06": 64700.0,
    "2025-07": 56200.0
  }
}