{
  "period": "2023-07 ~ 2025-07",
  "summary": {
    "max_price": 40072.16796875,
    "min_price": 14005.5185546875,
    "avg_price": 22664.55553519652,
    "std_dev": 5472.621188746811,
    "avg_volume": 350444.09072164947
  },
  "monthly_prices": {
    "2023-07": 27224.58,
    "2023-08": 20983.57,
    "2023-09": 19587.94,
    "2023-10": 17032.56,
    "2023-11": 23440.66,
    "2023-12": 24329.53,
    "2024-01": 21269.83,
    "2024-02": 22207.48,
    "2024-03": 22355.53,
    "2024-04": 32817.73,
    "2024-05": 34298.22,
    "2024-06": 37950.12,
    "2024-07": 29412.58,
    "2024-08": 26648.98,
    "2024-09": 21417.88,
    "2024-10": 18407.54,
    "2024-11": 16285.49,
    "2024-12": 15730.0,
    "2025-01": 17770.0,
    "2025-02": 21500.0,
    "2025-03": 18700.0,
    "2025-04": 17670.0,
    "2025-05": 17300.0,
    "2025-06": 18570.0,
    "2025-07": 23300.0
  }
}