{
  "period": "2023-07 ~ 2025-07",
  "summary": {
    "max_price": 9450.0,
    "min_price": 3845.0,
    "avg_price": 6391.280991735537,
    "std_dev": 1662.0896609277702,
    "avg_volume": 33150.76859504132
  },
  "monthly_prices": {
    "2023-07": 9260.0,
    "2023-08": 8910.0,
    "2023-09": 8020.0,
    "2023-10": 7290.0,
    "2023-11": 8020.0,
    "2023-12": 8020.0,
    "2024-01": 8670.0,
    "2024-02": 8410.0,
    "2024-03": 8010.0,
    "2024-04": 7530.0,
    "2024-05": 7330.0,
    "2024-06": 6840.0,
    "2024-07": 5150.0,
    "2024-08": 4770.0,
    "2024-09": 4860.0,
    "2024-10": 5290.0,
    "2024-11": 5260.0,
    "2024-12": 5090.0,
    "2025-01": 5000.0,
    "2025-02": 4990.0,
    "2025-03": 3900.0,
    "2025-04": 4910.0,
    "2025-05": 4820.0,
    "2025-06": 4145.0,
    "2025-07": 4375.0
  }
}