{
  "period": "2023-07 ~ 2025-07",
  "summary": {
    "max_price": 68700.0,
    "min_price": 6463.33642578125,
    "avg_price": 30456.249807707798,
    "std_dev": 14860.855390374862,
    "avg_volume": 991822.2082474227
  },
  "monthly_prices": {
    "2023-07": 8499.19,
    "2023-08": 7461.5,
    "2023-09": 6660.99,
    "2023-10": 8548.6,
    "2023-11": 9447.94,
    "2023-12": 11450.0,
    "2024-01": 15930.0,
    "2024-02": 20550.0,
    "2024-03": 34600.0,
    "2024-04": 34750.0,
    "2024-05": 43300.0,
    "2024-06": 63800.0,
    "2024-07": 54500.0,
    "2024-08": 40950.0,
    "2024-09": 37250.0,
    "2024-10": 44600.0,
    "2024-11": 35100.0,
    "2024-12": 38450.0,
    "2025-01": 45450.0,
    "2025-02": 37800.0,
    "2025-03": 31400.0,
    "2025-04": 33900.0,
    "2025-05": 33250.0,
    "2025-06": 33350.0,
    "2025-07": 27800.0
  }
}