{
  "period": "2023-07 ~ 2025-07",
  "summary": {
    "max_price": 21883.939453125,
    "min_price": 7535.6005859375,
    "avg_price": 13736.450124838917,
    "std_dev": 3269.513978093122,
    "avg_volume": 1974248.8515463918
  },
  "monthly_prices": {
    "2023-07": 13574.27,
    "2023-08": 12768.85,
    "2023-09": 12159.88,
    "2023-10": 10804.41,
    "2023-11": 11256.23,
    "2023-12": 16388.2,
    "2024-01": 17279.4,
    "2024-02": 19022.19,
    "2024-03": 18913.27,
    "2024-04": 16190.15,
    "2024-05": 13625.47,
    "2024-06": 12516.42,
    "2024-07": 11466.79,
    "2024-08": 10644.9,
    "2024-09": 10476.56,
    "2024-10": 10872.65,
    "2024-11": 8139.64,
    "2024-12": 8030.71,
    "2025-01": 16190.15,
    "2025-02": 16358.49,
    "2025-03": 13580.0,
    "2025-04": 13800.0,
    "2025-05": 15060.0,
    "2025-06": 16050.0,
    "2025-07": 14880.0
  }
}