{
  "period": "2023-07 ~ 2025-07",
  "summary": {
    "max_price": 57274.49609375,
    "min_price": 30215.068359375,
    "avg_price": 40210.51177512886,
    "std_dev": 5930.726417544828,
    "avg_volume": 233015.8206185567
  },
  "monthly_prices": {
    "2023-07": 36188.96,
    "2023-08": 33967.27,
    "2023-09": 38065.06,
    "2023-10": 37571.35,
    "2023-11": 42705.94,
    "2023-12": 40569.43,
    "2024-01": 41961.52,
    "2024-02": 37437.23,
    "2024-03": 43751.35,
    "2024-04": 53297.1,
    "2024-05": 50612.36,
    "2024-06": 49369.42,
    "2024-07": 45541.18,
    "2024-08": 45640.61,
    "2024-09": 37735.54,
    "2024-10": 37188.65,
    "2024-11": 33211.25,
    "2024-12": 31123.12,
    "2025-01": 36691.47,
    "2025-02": 41762.65,
    "2025-03": 38150.0,
    "2025-04": 34000.0,
    "2025-05": 32450.0,
    "2025-06": 39100.0,
    "2025-07": 43950.0
  }
}