{
  "period": "2023-07 ~ 2025-07",
  "summary": {
    "max_price": 298321.78125,
    "min_price": 122000.0,
    "avg_price": 201240.50180412372,
    "std_dev": 41956.32252382102,
    "avg_volume": 170919.82474226804
  },
  "monthly_prices": {
    "2023-07": 257799.31,
    "2023-08": 263658.41,
    "2023-09": 238757.33,
    "2023-10": 217762.3,
    "2023-11": 232410.0,
    "2023-12": 236583.02,
    "2024-01": 188673.72,
    "2024-02": 199539.75,
    "2024-03": 194304.3,
    "2024-04": 219296.16,
    "2024-05": 244979.48,
    "2024-06": 268687.19,
    "2024-07": 252882.05,
    "2024-08": 274614.09,
    "2024-09": 215344.88,
    "2024-10": 175436.92,
    "2024-11": 159928.14,
    "2024-12": 160026.92,
    "2025-01": 146888.91,
    "2025-02": 160422.05,
    "2025-03": 159900.0,
    "2025-04": 139600.0,
    "2025-05": 144900.0,
    "2025-06": 147400.0,
    "2025-07": 155500.0
  }
}