{
  "period": "2023-07 ~ 2025-07",
  "summary": {
    "max_price": 123000.0,
    "min_price": 27550.0,
    "avg_price": 54074.536082474224,
    "std_dev": 20518.10770622508,
    "avg_volume": 383743.6288659794
  },
  "monthly_prices": {
    "2023-07": 49100.0,
    "2023-08": 44550.0,
    "2023-09": 37200.0,
    "2023-10": 31800.0,
    "2023-11": 51300.0,
    "2023-12": 57200.0,
    "2024-01": 60700.0,
    "2024-02": 106500.0,
    "2024-03": 113000.0,
    "2024-04": 91100.0,
    "2024-05": 83000.0,
    "2024-06": 67500.0,
    "2024-07": 52200.0,
    "2024-08": 47900.0,
    "2024-09": 43050.0,
    "2024-10": 39500.0,
    "2024-11": 31100.0,
    "2024-12": 39100.0,
    "2025-01": 45250.0,
    "2025-02": 46950.0,
    "2025-03": 38550.0,
    "2025-04": 41150.0,
    "2025-05": 39400.0,
    "2025-06": 46100.0,
    "2025-07": 48900.0
  }
}