{
  "period": "2023-07 ~ 2025-07",
  "summary": {
    "max_price": 2950.0,
    "min_price": 1032.0,
    "avg_price": 1788.8119834710744,
    "std_dev": 440.91297595021535,
    "avg_volume": 3474012.229338843
  },
  "monthly_prices": {
    "2023-07": 2910.0,
    "2023-08": 2950.0,
    "2023-09": 2230.0,
    "2023-10": 1830.0,
    "2023-11": 1986.0,
    "2023-12": 2040.0,
    "2024-01": 1957.0,
    "2024-02": 1946.0,
    "2024-03": 2470.0,
    "2024-04": 2155.0,
    "2024-05": 2130.0,
    "2024-06": 1984.0,
    "2024-07": 1852.0,
    "2024-08": 1676.0,
    "2024-09": 1691.0,
    "2024-10": 1458.0,
    "2024-11": 1200.0,
    "2024-12": 1171.0,
    "2025-01": 1190.0,
    "2025-02": 1234.0,
    "2025-03": 1133.0,
    "2025-04": 1365.0,
    "2025-05": 1417.0,
    "2025-06": 1464.0,
    "2025-07": 1569.0
  }
}